App Code,Exact TT Name from Screenshots,Numeric TT ID (Paste Here),,,,,,,,,,,,,,,,,,,,,,,,,,,,,,,,,
SR1J26,SR1 Apr26,12371713373671966825,,,,,,,,,,,,,,,,,,,,,,,,,,,,,,,,,
SR1K26,SR1 May26,8541084758762950878,,,,,,,,,,,,,,,,,,,,,,,,,,,,,,,,,
SR1M26,SR1 Jun26,17580263644204615428,,,,,,,,,,,,,,,,,,,,,,,,,,,,,,,,,
SR1N26,SR1 Jul26,3880399603150483481,,,,,,,,,,,,,,,,,,,,,,,,,,,,,,,,,
SR1Q26,SR1 Aug26,1431239809246394376,,,,,,,,,,,,,,,,,,,,,,,,,,,,,,,,,
SR1U26,SR1 Sep26,9309381137161962615,,,,,,,,,,,,,,,,,,,,,,,,,,,,,,,,,
SR1V26,SR1 Oct26,11434035541700322135,,,,,,,,,,,,,,,,,,,,,,,,,,,,,,,,,
SR1X26,SR1 Nov26,8373859479390367820,,,,,,,,,,,,,,,,,,,,,,,,,,,,,,,,,
SR1Z26,SR1 Dec26,638935919762336382,,,,,,,,,,,,,,,,,,,,,,,,,,,,,,,,,
SR1F27,SR1 Jan27,12267711630185759080,,,,,,,,,,,,,,,,,,,,,,,,,,,,,,,,,
SR1G27,SR1 Feb27,11818438006115878869,,,,,,,,,,,,,,,,,,,,,,,,,,,,,,,,,
SR1H27,SR1 Mar27,11368534221547994415,,,,,,,,,,,,,,,,,,,,,,,,,,,,,,,,,
SR1J27,SR1 Apr27,10267416492962537231,,,,,,,,,,,,,,,,,,,,,,,,,,,,,,,,,
SR1K27,SR1 May27,13003456520956211336,,,,,,,,,,,,,,,,,,,,,,,,,,,,,,,,,
SR1M27,SR1 Jun27,7274681043862095283,,,,,,,,,,,,,,,,,,,,,,,,,,,,,,,,,
SR1N27,SR1 Jul27,17587746350868461658,,,,,,,,,,,,,,,,,,,,,,,,,,,,,,,,,
SR1Q27,SR1 Aug27,15982701712321206525,,,,,,,,,,,,,,,,,,,,,,,,,,,,,,,,,
SR1U27,SR1 Sep27,4652571663407480418,,,,,,,,,,,,,,,,,,,,,,,,,,,,,,,,,
ZQJ26,ZQ Apr26,1820425921280870643,,,,,,,,,,,,,,,,,,,,,,,,,,,,,,,,,
ZQK26,ZQ May26,13509294969420576563,,,,,,,,,,,,,,,,,,,,,,,,,,,,,,,,,
ZQM26,ZQ Jun26,1173228227003061405,,,,,,,,,,,,,,,,,,,,,,,,,,,,,,,,,
ZQN26,ZQ Jul26,11804036294809825783,,,,,,,,,,,,,,,,,,,,,,,,,,,,,,,,,
ZQQ26,ZQ Aug26,8298997090319007208,,,,,,,,,,,,,,,,,,,,,,,,,,,,,,,,,
ZQU26,ZQ Sep26,7551864584289735302,,,,,,,,,,,,,,,,,,,,,,,,,,,,,,,,,
ZQV26,ZQ Oct26,7772853716872034867,,,,,,,,,,,,,,,,,,,,,,,,,,,,,,,,,
ZQX26,ZQ Nov26,13208077381270415860,,,,,,,,,,,,,,,,,,,,,,,,,,,,,,,,,
ZQZ26,ZQ Dec26,14618707670258439481,,,,,,,,,,,,,,,,,,,,,,,,,,,,,,,,,
ZQF27,ZQ Jan27,10173148798524565647,,,,,,,,,,,,,,,,,,,,,,,,,,,,,,,,,
ZQG27,ZQ Feb27,880647980586631019,,,,,,,,,,,,,,,,,,,,,,,,,,,,,,,,,
ZQH27,ZQ Mar27,887816061348387785,,,,,,,,,,,,,,,,,,,,,,,,,,,,,,,,,
ZQJ27,ZQ Apr27,410715719020149495,,,,,,,,,,,,,,,,,,,,,,,,,,,,,,,,,
ZQK27,ZQ May27,6196921965222780943,,,,,,,,,,,,,,,,,,,,,,,,,,,,,,,,,
ZQM27,ZQ Jun27,690279264195766323,,,,,,,,,,,,,,,,,,,,,,,,,,,,,,,,,
ZQN27,ZQ Jul27,2334564383434255324,,,,,,,,,,,,,,,,,,,,,,,,,,,,,,,,,
ZQQ27,ZQ Aug27,11729320422875922731,,,,,,,,,,,,,,,,,,,,,,,,,,,,,,,,,
ZQU27,ZQ Sep27,3324241383996491464,,,,,,,,,,,,,,,,,,,,,,,,,,,,,,,,,
SR3M26,SR3 Jun26,2518875037886751798,,,,,,,,,,,,,,,,,,,,,,,,,,,,,,,,,
SR3U26,SR3 Sep26,10056698436755136015,,,,,,,,,,,,,,,,,,,,,,,,,,,,,,,,,
SR3Z26,SR3 Dec26,3761391845186607269,,,,,,,,,,,,,,,,,,,,,,,,,,,,,,,,,
SR3H27,SR3 Mar27,8786029629332899618,,,,,,,,,,,,,,,,,,,,,,,,,,,,,,,,,
SR3M27,SR3 Jun27,6064266935547558467,,,,,,,,,,,,,,,,,,,,,,,,,,,,,,,,,
SR3U27,SR3 Sep27,10582686653072545408,,,,,,,,,,,,,,,,,,,,,,,,,,,,,,,,,
SR3Z27,SR3 Dec27,17925935412019565973,,,,,,,,,,,,,,,,,,,,,,,,,,,,,,,,,
SR3H28,SR3 Mar28,3822227243959035490,,,,,,,,,,,,,,,,,,,,,,,,,,,,,,,,,
SR3M28,SR3 Jun28,12741923103719175711,,,,,,,,,,,,,,,,,,,,,,,,,,,,,,,,,
SR3U28,SR3 Sep28,16673841811510079166,,,,,,,,,,,,,,,,,,,,,,,,,,,,,,,,,
SR3Z28,SR3 Dec28,7359239446017790966,,,,,,,,,,,,,,,,,,,,,,,,,,,,,,,,,
SR3H29,SR3 Mar29,4211986922965728750,,,,,,,,,,,,,,,,,,,,,,,,,,,,,,,,,
SR3M29,SR3 Jun29,11432813735419224277,,,,,,,,,,,,,,,,,,,,,,,,,,,,,,,,,
SR3U29,SR3 Sep29,9909662404632894188,,,,,,,,,,,,,,,,,,,,,,,,,,,,,,,,,
SR3Z29,SR3 Dec29,12350987571259131621,,,,,,,,,,,,,,,,,,,,,,,,,,,,,,,,,
,ZQ Apr26-May26 Calendar,15582478317586972577,,,,,,,,,,,,,,,,,,,,,,,,,,,,,,,,,
,ZQ May26-Jul26 Calendar,42727229478952816,,,,,,,,,,,,,,,,,,,,,,,,,,,,,,,,,
,ZQ Jul26-Aug26 Calendar,12082270800607194710,,,,,,,,,,,,,,,,,,,,,,,,,,,,,,,,,
,ZQ Aug26-Oct26 Calendar,7399630420570501092,,,,,,,,,,,,,,,,,,,,,,,,,,,,,,,,,
,ZQ Oct26-Nov26 Calendar,10544706520320006277,,,,,,,,,,,,,,,,,,,,,,,,,,,,,,,,,
,ZQ Nov26-Jan27 Calendar,8792228160823726282,,,,,,,,,,,,,,,,,,,,,,,,,,,,,,,,,
,ZQ Jan27-Feb27 Calendar,12923396090304791527,,,,,,,,,,,,,,,,,,,,,,,,,,,,,,,,,
,ZQ Feb27-Apr27 Calendar,16612610081924999085,,,,,,,,,,,,,,,,,,,,,,,,,,,,,,,,,
,ZQ Apr27-May27 Calendar,3744068180779531100,,,,,,,,,,,,,,,,,,,,,,,,,,,,,,,,,
,ZQ May27-Jul27 Calendar,4185657970561955484,,,,,,,,,,,,,,,,,,,,,,,,,,,,,,,,,
,ZQ Jul27-Aug27 Calendar,8238209401317660287,,,,,,,,,,,,,,,,,,,,,,,,,,,,,,,,,
,ZQ Aug27-Sep27 Calendar,4553286254424730619,,,,,,,,,,,,,,,,,,,,,,,,,,,,,,,,,
,SR1 Apr26,12371713373671966825,,,,,,,,,,,,,,,,,,,,,,,,,,,,,,,,,
,ZQ Oct27-Nov27 Calendar,1593101935173506965,,,,,,,,,,,,,,,,,,,,,,,,,,,,,,,,,
,ZQ Oct27-Nov27 Calendar,1593101935173506965,,,,,,,,,,,,,,,,,,,,,,,,,,,,,,,,,
,ZQ Oct27-Nov27 Calendar,1593101935173506965,,,,,,,,,,,,,,,,,,,,,,,,,,,,,,,,,
,ZQ Oct27-Nov27 Calendar,1593101935173506965,,,,,,,,,,,,,,,,,,,,,,,,,,,,,,,,,
,ZQ Oct27-Nov27 Calendar,1593101935173506965,,,,,,,,,,,,,,,,,,,,,,,,,,,,,,,,,
,ZQ Oct27-Nov27 Calendar,1593101935173506965,,,,,,,,,,,,,,,,,,,,,,,,,,,,,,,,,
,ZQ Oct27-Nov27 Calendar,1593101935173506965,,,,,,,,,,,,,,,,,,,,,,,,,,,,,,,,,
,ZQ Oct27-Nov27 Calendar,1593101935173506965,,,,,,,,,,,,,,,,,,,,,,,,,,,,,,,,,
,ZQ Oct27-Nov27 Calendar,1593101935173506965,,,,,,,,,,,,,,,,,,,,,,,,,,,,,,,,,
,ZQ Oct27-Nov27 Calendar,1593101935173506965,,,,,,,,,,,,,,,,,,,,,,,,,,,,,,,,,
,ZQ Oct27-Nov27 Calendar,1593101935173506965,,,,,,,,,,,,,,,,,,,,,,,,,,,,,,,,,
,ZQ Oct27-Nov27 Calendar,1593101935173506965,,,,,,,,,,,,,,,,,,,,,,,,,,,,,,,,,
,ZQ Oct27-Nov27 Calendar,1593101935173506965,,,,,,,,,,,,,,,,,,,,,,,,,,,,,,,,,
,ZQ Oct27-Nov27 Calendar,1593101935173506965,,,,,,,,,,,,,,,,,,,,,,,,,,,,,,,,,
,ZQ Oct27-Nov27 Calendar,1593101935173506965,,,,,,,,,,,,,,,,,,,,,,,,,,,,,,,,,
,ZQ Oct27-Nov27 Calendar,1593101935173506965,,,,,,,,,,,,,,,,,,,,,,,,,,,,,,,,,
,ZQ Oct27-Nov27 Calendar,1593101935173506965,,,,,,,,,,,,,,,,,,,,,,,,,,,,,,,,,
,ZQ Oct27-Nov27 Calendar,1593101935173506965,,,,,,,,,,,,,,,,,,,,,,,,,,,,,,,,,
,ZQ Oct27-Nov27 Calendar,1593101935173506965,,,,,,,,,,,,,,,,,,,,,,,,,,,,,,,,,
,ZQ Oct27-Nov27 Calendar,1593101935173506965,,,,,,,,,,,,,,,,,,,,,,,,,,,,,,,,,
,ZQ Oct27-Nov27 Calendar,1593101935173506965,,,,,,,,,,,,,,,,,,,,,,,,,,,,,,,,,
,ZQ Oct27-Nov27 Calendar,1593101935173506965,,,,,,,,,,,,,,,,,,,,,,,,,,,,,,,,,
